{
  "crazing": {
    "mean": 3.2939484041970655,
    "std": 0.5404836853049438
  },
  "inclusion": {
    "mean": 1.5535852135143828,
    "std": 0.7930731698715557
  },
  "patches": {
    "mean": 3.894825030720214,
    "std": 0.7815708361818994
  },
  "pitted_surface": {
    "mean": 3.1779350666932653,
    "std": 0.7807048979559795
  },
  "rolled-in_scale": {
    "mean": 2.8234150109968774,
    "std": 0.5007361438560182
  },
  "scratches": {
    "mean": 4.005868165831588,
    "std": 0.6591583667794387
  }
}