{
  "crazing": {
    "mean": 3.224618329130736,
    "std": 0.5573368594305705
  },
  "inclusion": {
    "mean": 1.698258689781699,
    "std": 0.818205467016123
  },
  "patches": {
    "mean": 3.8938624027022066,
    "std": 0.7845100529117355
  },
  "pitted_surface": {
    "mean": 3.241690751135546,
    "std": 0.7705851578641563
  },
  "rolled-in_scale": {
    "mean": 2.8821488863919673,
    "std": 0.46529833105078994
  },
  "scratches": {
    "mean": 4.0078273397012705,
    "std": 0.6532837509273606
  }
}